gregobase_id	Hudelmaier code	NR02 source letter	NR02 source page
8208	ORIa	AR	3*
14469	ORIb	AR	2*
11319	ORIP2	H	449
11718	ORIP3a	H	444
13366	ORIP3b	H	443
14094	ORIP4a	H	452
14096	ORIP4b	H	441
14095	ORIP4c	W	195
14097	ORIP5	H	447
14098	ORIP6a	H	451
14104	ORIP6b	H	446
10103	ORIP6c	W	197
13355	ORIP7a	H	445
14099	ORIP7b	H	445
14106	A1F1I		
14107	A1F2I	H	14
14108	A3F1I	LC	18
14109	A3F2I	LC	22
14110	A1H	AR	212
14111	Q1I	H	159
8059	Q1H		
14114	Q5I	H	143
14115	Q5H		
14116	P1I	H	232
8122	P1H	AR	454
14118	ORTDa		
14119	ORTDb		
14160	ORGP1		
14161	ORGP2		
14162	ORGP3		
14163	ORGP4		
14164	ORGP5		
14165	ORGP6		
14166	ORGP7		
14167	ORGP8		
14168	ORBDa		
14169	ORBDb		
14170	ORBDc		
14171	ORBDd		
14172	ORBDe		
14173	ORBDf		
14174	ORBDg		
14175	ORBDh		
14176	ORBDi		
14177	ORBDj		
14178	ORBDk		
14179	ORBDl		
14180	ORBDm		
14181	ORAL1		
14182	ORAL2		
14183	ORAL3		
8115	F1Iw	H	136
8116	7GF1I	H	83
8169	F1Hw	Kpt	19
8170	F1Is	H	447
7906	F1Hs	AR	9
14184	A1F1N1A1	PsM	31
8064	F1N1A1	PsM	2
8168	A1F1N1A2	PsM	42
8065	F1N1A2	H	93
14185	A1F1N1A3	PsM	45
8066	F1N1A3	Off.m.h	23
14186	P1F1N1A		
14188	A1F1N2A1	PsM	35
14189	F1N2A1	PsM	8
14190	A1F1N2A2	Bud118	4v
8068	F1N2A2	Off.m.h	27
14191	A1F1N2A3	Bud118	4v
8069	F1N2A3	Off.m.h	28
14192	P1F1N2A		
14193	A1F1N3A1	Bud118	6v
8070	F1N3A1	Off.m.h	32
14194	A1F1N3A2	Bud118	7r
8071	F1N3A2	Off.m.h	33
14195	A1F1N3A3	PsM	37
8181	F1N3A3	Off.m.h / H	34 / 373
14196	P1F1N3A		
14197	F2I	H	444
14198	F2H	W	63
14199	F2N1A1	Off.m.h	135
10065	P1F2N1A	HPS	
8182	F2N1A2	Off.m.h	136
14201	F2N1A3	H	99
8073	F2N2A1	Off.m.h	137
10146	P1F2N2A	HPS	
8074	F2N2A2	Off.m.h	138
8075	F2N2A3	H	100
8183	F2N3A1	H	100
10155	P1F2N3A	HPS	
14207	F2N3A2	Off.m.h	141
8184	F2N3A3	H	262
14208	F3I	H	451
14209	F3H	W	65
8076	F3N1A1	H / Off.m.h	93 / 176
10066	P1F3N1A	HPS	
8077	F3N1A2	Off.m.h	177
8078	F3N1A3	PsM	89
8088	F3N2A1	Off.m.h	178
14322	P1F3N2A	HPS	
8089	F3N2A2	Off.m.h	179
8090	F3N2A3	Off.m.h	180
8091	F3N3A1	Off.m.h	180
14220	P1F3N3A	HPS	
8092	F3N3A2	Off.m.h	181
8060	F3N3A3	Off.m.h	182
14212	F4I	HPS / H	449
14213	F4H	W	66
8186	F4N1A1	H	70
10067	P1F4N1A	HPS	
8269	F4N1A2	Off.m.h	227
8185	F4N1A3	Off.m.h	227
8270	F4N2A1	Off.m.h	228
14221	P1F4N2A	HPS	
8271	F4N2A2	Off.m.h	229
8272	F4N2A3	Off.m.h	229
8273	F4N3A1	H	94
14222	P1F4N3A	HPS	
8275	F4N3A2	Off.m.h	231
14227	F4N3A3	HPS / H	146
8273	F4N4A1		
8274	F4N4A2	Off.m.h	231
8275	F4N4A3		
14214	F5I	H	449
14215	F5H	W	67
8276	F5N1A1	HPS / H	430
10068	P1F5N1A	HPS	
14228	F5N1A2	HPS / H	57
14229	F5N1A3	PsM	149
14230	F5N2A1	PsM	150
14231	P1F5N2A	HPS	
14232	F5N2A2	HPS / H	64
14233	F5N2A3	H / PsM	96 / 150
14234	F5N3A1	PsM	152
14235	P1F5N3A	HPS	
14236	F5N3A2	HPS / H	99
14237	F5N3A3	H	96
14216	F6I	H	451
14217	F6H	W	69
8277	F6N1A1	HPS / H	148
10069	P1F6N1A	HPS	
8278	F6N1A2	HPS / H	243
8279	F6N1A3	HPS / H	234
14238	F6N2A1	HPS / Lc	266
14239	P1F6N2A	HPS	
14240	F6N2A2	PsM	179
14241	F6N2A3	PsM	179
14242	F6N3A1	HPS / H	151
14243	P1F6N3A	HPS	
14244	F6N3A2	HPS / H	369
14245	F6N3A3	HPS / H	369
14218	F7I	HPS / H	451
14219	F7H	W	70
8079	F7N1A1	HPS / H	364
10070	P1F7N1A	HPS	
8080	F7N1A2	HPS / AM	893
8081	F7N1A3	PsM	240
8093	F7N2A1	HPS / H	43
14246	P1F7N2A	HPS	
8094	F7N2A2	HPS / H	30
8095	F7N2A3	PsM	245
8280	F7N3A1	HPS / Sar	252
14247	P1F7N3A	HPS	
8281	F7N3A2	PsM	248
8282	F7N3A3	HPS / H	30
16449	A1N1R1	H	15
16450	A1N1R2	H	16
16451	A1N1R3	H	16
16452	A1N2R1	H	16
16453	A1N2R2	H	17
16454	A1N2R3	H	17
16455	A1N3R1	H	17
16456	A1N3R2	H	17
16457	A1N3R3	H	18
16458	A1F2R1	H	28
16459	A1F2R2	H	17
16460	A1F2R3	Lc	4
16461	A1F3R1	Lc	5
16462	A1F3R2	Lc	10
16463	A1F3R2b	Sar	29
16464	A1F3R3	KA	8r
16465	A1F4R1	H	23
16466	A1F4R2	Bud118	27v
16467	A2N1R1	H	21
16468	A2N1R2	H	22
16469	A2N1R3	H	22
16470	A2N2R1	H	22
16471	A2N2R2	H	22
16472	A2N2R3	H	23
16473	A2N3R1	H	23
16474	A2N3R2	H	34
16475	A2N3R3	Bud118	19v
16476	A3N1R1	H	27
16477	A3N1R2	H	27
16479	A3N1R3	H	28
16480	A3N2R1	H	28
16481	A3N2R2	H	28
16482	A3N2R3	H	29
16483	A3N3R1	H	29
16478	A3N3R2	H	29
16484	A3N3R3	H	29
16485	A3F4R1	H	34
8249	A3F4R2	H	34
16486	A3F4R3	H	34
16487	A3F5R1	H	34
16488	A3F5R2	H	35
16489	A3F5R3	H	35
16490	A3F6R1	H	35
16491	A3F6R2	H	35
16492	A3F6R3	H	35
16493	A3F7R1	H	36
16494	A3F7R2	H	36
	A3F7R3		
16496	A4N1R1	H	31
16497	A4N1R2	H	32
16498	A4N1R3	H	32
16499	A4N2R1	H	32
16500	A4N2R2	H	32
16501	A4N2R3	H	32
16502	A4N3R1	H	33
16503	A4N3R2	H	33
16504	A4N3R3	H	33
16505	1224I	H	41
16506	1224R1	H	42
16507	1224R2	H	42
16508	1224R3	H	42
16509	1225I	H	44
16510	1225H	AR	260
11407	1225N1A1	H	44
16511	1225N1A2	H	44
16512	1225N1A3	H	44
16519	1225N1R1	H / K	45 / 21r
16520	1225N1R2	H	45
16521	1225N1R3	H	46
16513	1225N2A1	H	44
16514	1225N2A2	H	46
16515	1225N2A3	H	46
16522	1225N2R1	H / K	47 / 21v
16523	1225N2R2	H	47
16524	1225N2R3	H	47
16516	1225N3A1	H	46
16517	1225N3A2	H	46
16518	1225N3A3	H	46
16525	1225N3R1	H	48
16526	1225N3R2	H	48
16527	1226I	Sar / LH	56 / 478
16528	1226N1R1	H	56
16529	1226N1R2	H	56
16530	1226N1R3	H	58
16531	1226N2R1	H	57
16532	1226N2R2	H	58
16533	1226N2R3	H	57
16534	1226N3R1	H	58
16535	1226N3R2	H	58
16536	1227N1R1	H	61
16537	1227N1R2	H	62
16538	1227N1R3	Flor / W	30r / 40
16539	1227N2R1	H	61
16540	1227N2R2	H	63
16541	1227N2R3	H	63
16542	1227N3R1	H	61
16543	1227N3R2	H	63
16544	1228H	AR	285
16545	1228N1R1	H	68
16546	1228N1R2	H	65
16547	1228N1R3	H	66
16548	1228N2R1	H	65
16549	1228N2R2	H	66
16550	1228N2R3	H	67
16551	1228N3R1	H	66
16552	1228N3R2	Lc	60
16553	1228N3R3	Flor	34r
16554	N1F1N3R8	H	45
11407	0101N1A1	H	44
11408	0101N1A2	H	70
11409	0101N1A3	H	44
16555	0101N1R1	H	49
16556	0101N1R2	H	75
16557	0101N1R3	H	49
8186	0101N2A1		
11410	0101N2A2	H	46
11411	0101N2A3	Sar	78
16558	0101N2R2	H	49
16559	0101N2R3	PrM	249
11412	0101N3A1	H	47
11413	0101N3A2	H	76
11414	0101N3A3	H	53
16560	0101N3R2	H	50
16566	N2I	LR	430
8171	N2H	AR	300
16567	N2N1A1	H	377
	N2N1A2	Plant / HPS	762
	N2N1A3	Plant / HPS	762
16573	N2N1R1	Plant	762
16574	N2N1R2	Plant	763
16575	N2N1R3	Plant	763
16568	N2N2A1	Plant	764
16569	N2N2A2	Plant	764
16570	N2N2A3	Plant	764
16576	N2N2R1	Plant	765
16577	N2N2R2	Plant	765
16578	N2N2R3	Plant	765
16571	N2N3A1	Plant	766
16572	N2N3A2	Plant	766
17352	N2N3A3	Plant / HPS	767
17353	N2N3R1	Plant / HPS	767
16579	N2N3R2	Plant	767
14100	0106I	H	72
14124	0106H	AR	308
11395	0106N1A1	H	72
11400	0106N1A2	H	72
11396	0106N1A3	H	72
11397	0106N1R1	H	72
16580	0106N1R1b	H	74
11398	0106N1R2	H	75
11401	0106N1R3	Sar	85
11402	0106N2A1	H	73
11403	0106N2A2	H	73
11404	0106N2A3	H	73
11405	0106N2R1	H	74
11406	0106N2R2	H / Sar	73 / 85
16581	0106N2R3	H	74
16582	0106N3A1	H	74
11410	0106N3A1b		
16583	0106N3A2	H	74
16584	0106N3A3	H	74
16585	0106N3R1	H	73
16586	0106N3R2	H	75
16587	E1I	LH	27
16588	E1H	LH	28
17591	E1N1A1	HPS / H	120
	E1N1A2	HPS	
16589	E1N1A3	GU28	28v
17592	E1N1R1	HPS / H	293
16717	E1N1R2	HPS	
	E1N1R3	HPS	
17593	E1N2A1	LR / HPS	304
17594	E1N2A2	LR / HPS	303
17595	E1N2A3	HPS / H	292
	E1N2R1	HPS	
17596	E1N2R2	HPS / H	118
	E1N2R3	HPS	
16590	E1N3A1	AR	652
16591	E1N3A2	AR	652
17597	E1N3A3	AR / HPS	653
	E1N3R1	HPS	
16715	E1N3R2	HPS	
16593	E1F2R1	H	83
16594	E1F2R2	H	83
16595	E1F2R3	H	83
16596	E1F3R1	H	86
16597	E1F3R2	H	86
16598	E1F3R3	H	86
16599	E1F4R1	H	86
16600	E1F4R2	H	87
16601	E1F4R3	H	87
16602	E1F5R1	H	87
16603	E1F5R2	H	87
16604	E1F5R3	H	88
16605	E1F6R1	H	88
16606	E1F6R2	H	89
16607	E1F6R3	H	89
16608	E1F7R1	H	89
16609	E1F7R2	H	89
16610	E1F7R3	H	89
16611	E2N2R1	H	83
16612	E2N2R2	H	84
16613	E2N2R3	H	84
16614	E2N3R1	H	84
16615	E2N3R2	Bud118	111v
16616	E2F2R1	H	85
16617	E2F2R2	H	85
16618	E2F2R3	H	85
14259	7GN1R1	H	136
14260	7GN1R2	H	136
14261	7GN1R3	H	136
14263	7GN2R1	H	136
14264	7GN2R2	H	136
14265	7GN2R3	H	137
14266	7GN3R1	Lc	109
14267	7GN3R2	H	137
14268	7GN3R3	H	138
14269	7GF2R1	H	137
14270	7GF2R2	H	137
14280	6GN1R1	Sar / Lc	136 / 116
14281	6GN1R2	Sar / Lc	136 / 116
14282	6GN1R3	H	139
14283	6GN2R1	H	140
14285	6GN2R2	H	139
14298	6GN2R3	H	139
14299	6GN3R1	Bud118	146v
14301	6GN3R2	Bud118	147r
14313	6GN3R3	Bud118	147v
14317	6GF2R1	Bud118	148r
14321	6GF2R2	Bud118	148v
14324	5GN1R1	H	140
14325	5GN1R2	H	141
14326	5GN1R3	H	140
14327	5GN2R1	H	140
14328	5GN2R2	H	141
14329	5GN2R3	H	141
14330	5GN3R1	H	141
14331	5GN3R2	Bud118	154v
14332	5GN3R3	H	141
14333	5GF2R1	Bud118	155r
14334	5GF2R2	Bud118	155v
14335	5GF5R1	Flor	85v
14343	Q1N1R1	H	143
14344	Q1N1R2	H	144
14342	Q1N1R3	H	144
14341	Q1N2R1	H	144
14340	Q1N2R2	Lc	131
14339	Q1N2R3	H	143
14338	Q1N3R1	Sar	153
14337	Q1N3R2	Lc	131
14336	Q1N3R3	H	145
14345	Q1F5R1	H	144
14346	Q1F7R3	H	144
14723	Q2N1R1	H	149
14724	Q2N1R2	H	149
14725	Q2N1R3	H	150
14726	Q2N2R1	H	150
14727	Q2N2R2	H	150
14728	Q2N2R3	H	150
14965	Q2N3R1	H	151
14966	Q2N3R2	H	151
14967	Q2N3R3	Lc	141
14968	Q2F2R1	Sar / A	162 / 11
14969	Q2F2R2	Flor	89r
14970	Q2F7R1	H	145
14971	Q3N1R1	H	153
14972	Q3N1R2	H	153
14973	Q3N1R3	H	147
14974	Q3N2R1	H	154
14975	Q3N2R2	H	154
14976	Q3N2R3	H	154
14977	Q3N3R1	H	155
14978	Q3N3R2	H	155
14979	Q3N3R3	Plant	372
14981	Q3F2R1	H	154
14982	Q3F2R2	H	155
14983	Q3F2R3	H	156
14984	Q3F3R1	H	156
15007	Q4N1R1	H	159
15008	Q4N1R2	H	159
15009	Q4N1R3	H	159
15010	Q4N2R1	H	159
15011	Q4N2R2	H	160
15012	Q4N2R3	H	160
15013	Q4N3R1	H	160
15014	Q4N3R2	H	160
15015	Q4N3R3	H	161
15016	Q4F2R1	H	161
15017	Q4F2R2	H	161
15018	Q4F2R3	H	161
15019	Q4F3R1	Plant	394
15020	Q4F3R2	H	162
15066	Q5N1R1	H	164
15067	Q5N1R2	H	164
15068	Q5N1R3	H	167
15069	Q5N2R1	H	165
15070	Q5N2R2	H	166
15071	Q5N2R3	H	166
15072	Q5N3R1	H	165
15073	Q5N3R2	H	166
15074	Q5N3R3	Plant	406
15075	Q5F2R1	H	165
15076	Q5F2R2	H	164
15077	Q5F2R3	H	166
15078	Q5F3R1	H	165
15079	Q5F3R2	H	166
15080	Q5F3R3	H	165
15094	Q6N1R1	H	170
15095	Q6N1R2	H	170
15096	Q6N1R3	H	170
15097	Q6N2R1	H	171
15098	Q6N2R2	H	171
15099	Q6N2R3	H	171
15100	Q6N3R1	H	171
15101	Q6N3R2	H	172
15102	Q6N3R3	H	9mt
15103	Q6F2R1	H	173
15104	Q6F2R2	H	172
15105	Q6F2R3	H	173
15106	Q6F3R1	H	173
15107	Q6F3R2	H	172
15108	Q6F3R3	H	172
15111	Q6F5N1A1	H	178
15112	Q6F5N1A2	H	178
15113	Q6F5N1A3	H	178
15120	Q6F5N1R1	H	178
15121	Q6F5N1R2	H	178
15122	Q6F5N1R3	H	178
15114	Q6F5N2A1	H	179
15115	Q6F5N2A2	H	179
15116	Q6F5N2A3	H	179
15123	Q6F5N2R1	H	179
15124	Q6F5N2R2	H	179
15125	Q6F5N2R3	H	179
15117	Q6F5N3A1	H	180
15118	Q6F5N3A2	H	180
15119	Q6F5N3A3	H	180
15126	Q6F5N3R1	H	180
15127	Q6F5N3R2	H	180
15128	Q6F5N3R3	H	180
15129	Q6F6N1A1	H	217
15130	Q6F6N1A2	H	217
15131	Q6F6N1A3	H	217
15139	Q6F6N1R1	H	217
15140	Q6F6N1R2	H	217
15141	Q6F6N1R3	H	217
15132	Q6F6N2A1	H	217
15134	Q6F6N2A2	H	218
15135	Q6F6N2A3	H	218
15143	Q6F6N2R1	H	219
15144	Q6F6N2R2	H	218
15145	Q6F6N2R3	H	197
15136	Q6F6N3A1	H	219
15137	Q6F6N3A2	H	219
15138	Q6F6N3A3	H	219
15146	Q6F6N3R1	H	219
15147	Q6F6N3R2	H	219
15148	Q6F6N3R3	H	219
15151	Q6F7N1A1	H	222
15152	Q6F7N1A2	H	222
15153	Q6F7N1A3	H	222
15160	Q6F7N1R1	H	224
15161	Q6F7N1R2	H	222
15162	Q6F7N1R3	H	222
15154	Q6F7N2A1	H	222
15155	Q6F7N2A2	H	223
15156	Q6F7N2A3	H	223
15163	Q6F7N2R1	H	223
15164	Q6F7N2R2	H	223
15165	Q6F7N2R3	H	223
15157	Q6F7N3A1	H	223
15158	Q6F7N3A2	H	224
15159	Q6F7N3A3	H	224
15166	Q6F7N3R1	Lc	205
15167	Q6F7N3R2	H	224
15168	Q6F7N3R3	H	222
15169	P0I	H	232
10036	P0A1	H	226
10037	P0A2	H	226
15170	P0A3	H	226
10062	P0R1	H	228
10059	P0R2	H	229
10058	P0F2R1	H	232
10063	P0F2R2	H	237
15171	P0F3R1	H	234
15172	P0F3R2	H	236
15173	P0F4R1	H	236
10038	P0F4R2	W	305
10042	P0F5R1	H	235
10044	P0F5R2	H	233
10041	P0F6R1	H	232
10045	P0F6R2	H	235
10052	P0F7R1	H	203mt
10051	P0F7R2	H	236
10057	P1N1R2	H	229
10158	P3N1R1	H	247
10160	P3N1R2	H	247
10161	P3N1R3	H	247
10162	P3N2R1	H	247
10163	P3N2R2	H	248
10165	P3N2R3	H	249
10167	P3N3R1	H	248
10168	P3N3R2	Sar	pl.I
10174	P3F2R1	H	249
10173	P3F2R2	H	248
10181	P3F3R1	H	248
10197	P3F3R2	H	249
10199	P3F4R1	H	248
10205	P4N1R1	H	250
10207	P4N1R2	H	250
10210	P4N1R3	H	250
10213	P4N2R1	H	251
10214	P4N2R2	H	250
10215	P4N2R3	H	251
10216	P4N3R1	Sar	263
10217	P4N3R2	H	252
10218	P4F2R1	H	252
10220	P4F2R2	H	252
10234	P5F5I	H	261
10252	P5F5H	AR	488
10251	P5F5N1A1	H	262
10253	P5F5N1A2	H	262
10257	P5F5N1A3	H	262
10259	P5F5N1R1	H	262
10260	P5F5N1R2	H	262
10262	P5F5N1R3	H	262
10263	P5F5N2A1	H	262
10264	P5F5N2A2	H	262
10265	P5F5N2A3	H	262
10266	P5F5N2R1	H	263
10267	P5F5N2R2	H	263
10270	P5F5N2R3	H	263
10271	P5F5N3A1	H	263
10272	P5F5N3A2	H	263
10273	P5F5N3A3	H	263
10274	P5F5N3R1	Sar	275
10276	P5F5N3R2	H	264
10297	P6N3R2	Sar	272
15214	P7I	H	268
15231	P7H	AR	500
15215	P7A1	H	268
15216	P7A2	H	268
15217	P7A3	H	268
15218	P7R1	H	269
15219	P7R2	H	269
15220	P7F2R1	H	269
15221	P7F2R2	H	269
15222	P7F3R1	H	270
15223	P7F3R2	H	204mt
15224	P7F4R1	H	269
15225	P7F4R2	H	264
10327	P7F5R1	H	203mt
15226	P7F5R2	Lc	258
15227	P7F6R1	Flor	141r
15228	P7F6R2	H	204mt
10347	H1I	H	102
10348	H1H	AR	516
10349	H1N1A1	H	102
10350	H1N1A2	H	102
10351	H1N1A3	H	102
15257	H1N1R1	H	416
15258	H1N1R2	H	102
15259	H1N1R3	H	102
10352	H1N2A1	H	102
10353	H1N2A2	H	103
10354	H1N2A3	H	103
15260	H1N2R1	H	102
10340	H1N2R2	Sar	291
15261	H1N2R3	H	103
10355	H1N3A1	H	102
10356	H1N3A2	H	103
10357	H1N3A3	Plant	613
15262	H1N3R1	H	104
15307	H1F2R1	H	397
15308	H1F2R2	H	395
15309	H1F2R3	H	395
10344	H1F3R1	Lc	268
15310	H1F3R2	H	395
15311	H1F3R3	H	395
15312	H1F4R1	H	396
15313	H1F4R2	H	396
15314	H1F4R3	H	396
15320	H1F5I	LU	
15321	H1F5I2	HPS	
15322	H1F5H	LU	
10375	H1F5N1A1	LU	
10376	H1F5N1A2	LU	
15323	H1F5N1A3	LU	
10370	H1F5N1R1	LU	
15324	H1F5N1R2	LU	
10371	H1F5N1R3	LU	
15325	H1F5N2A1	LU	
15326	H1F5N2A2	LU	
15327	H1F5N2A3	LU	
10369	H1F5N2R1	LU	
10372	H1F5N2R2	LU	
10364	H1F5N2R3	GU30	571
15328	H1F5N3A1	LU	
15329	H1F5N3A2	LU	
15330	H1F5N3A3	LU	
10373	H1F5N3R1	LU	
10374	H1F5N3R2	LU	
15331	H2F6I	LH	118
15332	H2F6I2	HPS	
15333	H2F6H	AR	538-3
15334	H2F6N1A1	HPS	
15335	H2F6N1A2	HPS / H	152
15336	H2F6N1A3	HPS / H	177
15343	H2F6N1R1	HPS / H	313
15344	H2F6N1R2	HPS / H	17
15345	H2F6N1R3	HPS / H	349
15337	H2F6N2A1	HPS	
15338	H2F6N2A2	HPS / H / AR	431 / 1068.1
15339	H2F6N2A3	HPS / H	82
15346	H2F6N2R1	HPS / H	29
15347	H2F6N2R2	HPS / H	74+117
15348	H2F6N2R3	HPS / H	86
15340	H2F6N3A1	HPS / H	151
15341	H2F6N3A2	HPS / H	264
15342	H2F6N3A3	HPS	
15349	H2F6N3R1	HPS / H	89
15350	H2F6N3R2	HPS	
15351	H4F2R1	H	396
15352	H4F3R1	H	396
15353	H4F3R2	H	397
15355	08H1N1R1	H	398
15356	08H1N1R2	H	399
15357	08H1N1R3	H	398
15358	08H1N2R1	H	399
15359	08H1N2R2	H	399
15360	08H1N2R3	H	400
15361	08H1N3R1	H	399
15362	08H1F2R1	H	400
15363	08H1F2R2	H	400
15364	08H1F2R3	H	400
15365	08H1F3R1	H	400
15369	09H1N1R1	H	402
15371	09H1N1R2	H	402
15370	09H1N1R3	H	403
15372	09H1N2R1	H	403
15373	09H1N2R2	H	404
15374	09H1N2R3	H	404
15375	09H1N3R1	H	404
15376	09H1F2R1	H	405
15377	09H1F2R2	H	403
15378	09H3N1R1	H	407
15379	09H3N1R2	H	407
15380	09H3N1R3	H	408
15381	09H3N2R1	H	408
15382	09H3N2R2	H	408
15384	09H3N2R3	H	408
15383	09H3N3R1	H	409
15385	09H4N1R1	H	409
15386	09H4N1R3	H	409
15387	09H4N2R1	H	410
15388	09H4N2R2	H	410
15389	09H4N2R3	H	410
15390	09H4N3R1	H	411
15391	09H5N1R1	H	411
15392	09H5N1R3	H	412
15393	09H5N2R1	H	412
15402	10H1N1R1	H	413
15403	10H1N1R2	H	414
15404	10H1N1R3	H	414
15405	10H1N2R1	H	413
15406	10H1N2R2	H	415
15407	10H1N2R3	H	413
15408	10H1N3R1	H	413
15410	10H1F2R1	H	414
15411	10H1F2R2	H	413
15412	10H1F2R3	H	414
15413	10H1F3R1	H	414
15414	10H1F3R2	H	415
15415	10H1F3R3	H	415
15417	11H1N1R2	H	416
15418	11H1N1R3	H	416
15420	11H1N2R1	H	417
15422	11H1N2R2	H	417
15423	11H1N2R3	H	417
15424	11H1N3R1	H	418
15457	11H1F2R1	H	418
15458	11H1F2R2	H	417
15459	11H1F2R3	H	417
15460	11H1F3R1	H	418
15461	11H1F3R2	H	419
15462	11H1F3R3	H	418
15463	11H1F4R1	H	418
17120	1130N1A1	H	355
17121	1130N1A2	H	355
17122	1130N1A3	H	355
17112	1130N1R1	H	355
17113	1130N1R2	H	356
17114	1130N1R3	H	357
17123	1130N2A1	H	356
17124	1130N2A2	H	357
17125	1130N2A3	H	356
17115	1130N2R1	H	356
17116	1130N2R2	H	358
17117	1130N2R3	H	357
17126	1130N3A1	H	356
17127	1130N3A2	Bud122	4v
17128	1130N3A3	Lc	500
17118	1130N3R1	Lc	501
17119	1130N3R2	Lc	502
17129	1208I	LR / K	259 / 138r
17130	1208H	AR	[122]
11363	1208N1A1	LR	260
11364	1208N1A2	LR	260
11365	1208N1A3	LR	261
11366	1208N1R1	LR	261
11367	1208N1R2	LR	263
11368	1208N1R3	LR	263
11369	1208N2A1	LR	261
11370	1208N2A2	LR	261
11371	1208N2A3	LR	261
11372	1208N2R1	LR	266
11373	1208N2R2	LR	267
11374	1208N2R3	LR	268
11375	1208N3A1	LR	265
11376	1208N3A2	LR	266
11377	1208N3A3	LR	266
11378	1208N3R1	LR	270
11379	1208N3R2	LR	270
17132	1213N2R1	H	26
17133	1213N2R2	H	26
17134	1213N2R3	H	26
17135	0118I	Lc	412
17136	0118H	LH	351
17137	0118N1R1	H	280
17138	0118N1R2	H	280
17139	0118N1R3	H	280
17140	0118N2R1	H	282
17141	0118N2R2	H	282
17142	0118N2R3	H	282
17143	0118N3R1	H	282
17144	0118N3R2	H	379
17148	0121N1A1	H	110
17149	0121N1A2	H	110
17150	0121N1A3	H	111
17157	0121N1R1	H	111
17158	0121N1R2	H	111
17159	0121N1R3	H	111
17151	0121N2A1	H	111
17152	0121N2A2	H	111
17153	0121N2A3	H	111
17160	0121N2R1	H	113
17161	0121N2R2	H	114
17162	0121N2R3	H	113
17154	0121N3A1	H	112
17155	0121N3A2	H	112
17156	0121N3A3	H	112
17163	0121N3R1	H	113
17164	0121N3R2	H	112
17184	0125I	Lc / K	339 / 138r
17185	0125H	AR	607
17189	0125N1A1	H	284
17190	0125N1A2	H	284
17191	0125N1A3	H	284
17199	0125N1R1	H	285
17200	0125N1R2	H	285
17201	0125N1R3	H	286
17192	0125N2A1	H	284
17193	0125N2A2	H	285
17194	0125N2A3	H	285
17202	0125N2R1	Lc	429
17203	0125N2R2	H	288
17204	0125N2R3	Bud122	118v
17196	0125N3A1	H	286
17197	0125N3A2	H	286
17198	0125N3A3	H	286
17205	0125N3R1	H	287
17206	0125N3R2	Lc	424
17147	0130H	AR	614
17598	0202I	H	115
16970	0202N1R1	H	116
17251	0202N1R2	H	118
17252	0202N1R3	Bud122	231
17253	0202N2R1	H	116
17254	0202N2R2	H	116
17255	0202N2R3	H	119
17256	0202N3R1	H	117
17257	0202N3R2	H	116
17280	0205N1A1	H	121
17281	0205N1A2	H	121
17282	0205N1A3	H	121
17273	0205N1R1	H	121
17274	0205N1R2	H	123
17275	0205N1R3	H	122
17283	0205N2A1	H	121
17284	0205N2A2	H	121
17285	0205N2A3	H	121
17276	0205N2R1	H	123
17277	0205N2R2	H	122
17278	0205N2R3	H	121
17286	0205N3A1	H	122
17287	0205N3A2	H	122
17288	0205N3A3	H	122
9722	0205N3R1	H	123
17279	0205N3R2	Sar	408
17129	0211I		
17297	0211H	AR	[122]
	0211N1A1	HPS	
17298	0211N1A2	H	21
17299	0211N1A3	H	19
	0211N1R1	HPS	
	0211N1R2	HPS	
	0211N1R3	HPS	
17300	0211N2A1	AM	278
17599	0211N2A2	AM / HPS	696
17600	0211N2A3	H / HPS	308
17604	0211N2R1	H / HPS	297
	0211N2R2	HPS	
17605	0211N2R3	H / HPS	26
17601	0211N3A1	H / HPS	117
17602	0211N3A2	H / HPS	443
17603	0211N3A3	H / HPS	281
	0211N3R1	HPS	
	0211N3R2	HPS	
17301	0212H	AR	638
17309	0319I	LR	301
17310	0319H	LR	302
17311	0319N1A1	LR	302
17312	0319N1A2	LR	303
17313	0319N1A3	LR	303
17314	0319N1R1	LR	305
17321	0319N1R2	LR	305
17322	0319N1R3	LR	306
17315	0319N2A1	LR	304
17316	0319N2A2	LR	304
17317	0319N2A3	LR	304
17323	0319N2R1	LR	311
17324	0319N2R2	LR	312
17325	0319N2R3	LR	312
17318	0319N3A1	LR	308
17319	0319N3A2	LR	308
17320	0319N3A3	LR	309
17326	0319N3R1	LR	315
17327	0319N3R2	LR	316
17335	0324I	H	312
17336	0324H	AR	659
17606	0324N1A1	H / HPS	21
17607	0324N1A2	H / HPS	101
17608	0324N1A3	AM / HPS	611
17609	0324N1R1	H / HPS	367
17610	0324N1R2	H / HPS	378
17611	0324N1R3	H / HPS	373
	0324N2A1	HPS	
17612	0324N2A2	AM / HPS	578,2
	0324N2A3	HPS	
17613	0324N2R1	H / HPS	28
17614	0324N2R2	H / HPS	372+208
	0324N2R3	HPS	
17337	0324N3A1	H	38
17338	0324N3A2	AM	866
	0324N3A3	HPS	
17339	0324N3R1	H	16
17340	0324N3R2	H	118
17342	0325I	KA	58v
17341	0325N1R1		
17343	0325N1R2		
17344	0325N1R3		
17345	0325N2R1		
17346	0325N2R2		
17347	0325N2R3		
17060	0325N3R1	H	48
17340	0325N3R2		
17348	Q5F6I	Plant	877
17349	Q5F6H	AR	672
17350	Q5F6N1A1		
16882	Q5F6N1A2	H	372
	Q5F6N1A3	HPS	
16800	Q5F6N1R1	Plant	879
16801	Q5F6N1R2	Plant	679
17351	Q5F6N1R3	H	63
16802	Q5F6N2A1	Plant	880
16804	Q5F6N2A2	Plant	881
16805	Q5F6N2A3	Plant	881
16811	Q5F6N2R1	Plant / H	881 / 218
16844	Q5F6N2R2	Plant / HPS	882
16845	Q5F6N2R3	Plant / HPS	882
16846	Q5F6N3A1	Plant	883+1044
16847	Q5F6N3A2	Plant	883
17354	Q5F6N3A3	Plant	883
17615	Q5F6N3R1	Plant / HPS	884
17355	Q5F6N3R2	Plant	884
17356	Q6F4R1	Bud118	225v
17357	0413H	AR	680
17358	P2F4I	LR	435
17359	P2F4H	AR	650
	P2F4N1A	HPS	
17616	P2F4N1R1	H / HPS	373
17322	P2F4N1R2		
	P2F4N1R3	HPS	
	P2F4N2A	HPS	
	P2F4N2R1	HPS	
	P2F4N2R2	HPS	
17617	P2F4N2R3	H / HPS	367
17360	P2F4N3A	LR	1*suppl3005
17361	P2F4N3R1	LR	2*suppl3005
17362	P2F4N3R2	LR	312
17363	0503I	LH	431
14115	0503H	AR	527
16872	0503N1A	Plant	896
10646	0503N1R1	Plant	896
17364	0503N1R2	H	256
17365	0503N1R3	Plant	897
16873	0503N2A	Plant	898
16874	0503N2R1	Plant	898
16875	0503N2R2	Plant	899
17366	0503N2R3	H	255
17367	0503N3A	H	258
17368	0503N3R1	H	255
17369	0503N3R2	Plant	901
17370	0508H	AR	707
17371	0508N1A	H	314
17374	0508N1R1	H	313
17375	0508N1R2	H	313
17376	0508N1R3	H	314
17372	0508N2A	H	313
17377	0508N2R1	H	315
17378	0508N2R2	H	315
17379	0508N2R3	H	315
17373	0508N3A	H	314
17380	0508N3R1	H	313
17381	0508N3R2	Lc	470
17382	0518H	AR	711
17383	0619H	AR	729
17384	0624I	H	273
17385	0624H	AR	733
17386	0624N1A1	H	274
17387	0624N1A2	H	274
17388	0624N1A3	H	274
17395	0624N1R1	H	274
17396	0624N1R2	H	274
17397	0624N1R3	H	275
17389	0624N2A1	H	274
17390	0624N2A2	H	274
17391	0624N2A3	H	274
17398	0624N2R1	H	275
17399	0624N2R2	H	276
17400	0624N2R3	H	276
17392	0624N3A1	H	275
17393	0624N3A2	H	275
17394	0624N3A3	H	275
17401	0624N3R1	H	276
17402	0624N3R2	H	276
17403	0629N2R1	H	281
17036	0701I	ACvig	322
17404	0701H	AR	527
17037	0701N1A1	ACvig	322
17044	0701N1A2	ACvig	322
17058	0701N1A3	ACvig	322
	0701N1R1	HPS	
	0701N1R2	HPS	
17618	0701N1R3	HPS / H	373
17059	0701N2A1	ACvig	323
17064	0701N2A2	ACvig	323
17065	0701N2A3	ACvig	323
17619	0701N2R1	HPS / H	113
17620	0701N2R2	HPS / H	373
17621	0701N2R3	HPS / H	378
17405	0701N3A1	ACvig	324
17406	0701N3A2	ACvig	324
17407	0701N3A3	ACvig	325
17408	0701N3R1	PrM	163
	0701N3R2	HPS	
17409	0702I	LR / K	442 / 138r
17622	0702N1R1	ACvig / HPS	327
17410	0702N1R3	PrM	164
17411	0702N2R1	ACvig	329
17412	0702N2R3	Plant	949
17414	0707H	AR	776
17415	0708I	Lc	538
17416	0708H	AR	781
17417	0722I	Lc	538
17418	0722H	AR	789
17419	0722N1R1	H	232
17420	0722N1R2	H	233
17421	0722N1R3	H	235
17422	0801N2R2	H	281
17423	0806I	LH	408
17424	0806H	AR	803
17426	0806N1A1	ACvig	345
17427	0806N1A2	ACvig	346
8186	0806N1A3	H	70
17428	0806N1R1	Plant	984
17429	0806N1R2	Plant	985
17430	0806N1R3	Plant	985
17431	0806N2A1	Plant	986
17432	0806N2A2	Plant	986
17433	0806N2A3	Plant	986
17434	0806N2R1	Plant	986
17435	0806N2R2	Plant	987
17436	0806N2R3	Plant	987
17437	0806N3A1	Plant	988
17438	0806N3A2	Plant	988
17439	0806N3A3	Plant	988
17440	0806N3R1	Plant	989
17441	0806N3R2	Plant	989
17442	0810I	LR	446
17443	0810N1A1	H	289
17444	0810N1A2	H	289
17445	0810N1A3	H	290
17446	0810N1R1	H	290
17447	0810N1R2	H	291
17448	0810N1R3	H	292
17449	0810N2A1	H	290
17450	0810N2A2	H	290
17451	0810N2A3	H	292
17452	0810N2R1	H	291
17453	0810N2R2	H	291
17454	0810N2R3	H	293
17455	0810N3A1	H	291
17457	0810N3A2	H	292
17456	0810N3A3	H	292
17458	0810N3R1	H	293
17459	0810N3R2	H	292
17460	0815I	Sar	493
15775	0815N1A1	H	296
15778	0815N1A2	H	296
14126	0815N1A3	H	21
17461	0815N1R1	H	296
17462	0815N2R3	H	119
15779	0815N3R1	H	297
16408	0815N3R2	H	298
17463	0829N1R1	H	301
17464	0829N1R2	H	301
17465	0829N1R3	K	129r
17466	0908I	Lc	455
17467	0908N1R1	H	305
17468	0908N1R2	H	305
17469	0908N1R3	H	305
17470	0908N2R1	H	306
17471	0908N2R2	Lc	460
17472	0908N2R3	H	307
17473	0914I	Plant	1033
17474	0914N1A1	Plant	1033
17475	0914N1A2	Plant	1033
17476	0914N1A3	Plant	1034
17477	0914N2A1	Plant	1034
17478	0914N2A2	Plant	1034
17479	0914N2A3	Plant	1034
17480	0914N3A1	H	258
17481	0914N3A2	Plant	1035
17482	0914N3A3	Plant	1034
17483	0915I	Plant	1039
17484	0915H	AR	527
17485	0915N1A1	Plant	1040
17486	0915N1A2	Plant	1040
17487	0915N1A3	Plant	1041
17490	0915N1R1	Plant	1041
17491	0915N1R2	LR	312
17623	0915N1R3	Plant / HPS	1042
	0915N2A1	HPS	
17488	0915N2A2	Plant	1041
17489	0915N2A3	Plant	1043
17492	0915N2R1	Plant	1043
17493	0915N2R2	Plant	1043
17494	0915N2R3	Plant	1044
17495	0915N3A1	Plant	883+1044
17496	0915N3A2	Plant	1045
17497	0915N3A3	Plant	883+1044
17498	0915N3R1	Plant	1045
17499	0915N3R2	Plant	1045
17501	0917H	AR	[72]
16170	0929N1A1	H	314
16171	0929N1A2	H	314
16172	0929N1A3	H	313
16173	0929N2A1	H	313
16174	0929N2A2	H	314
16175	0929N2A3	H	313
16176	0929N3A1	H	314
16177	0929N3A2	H	313
16178	0929N3A3	Plant	913
17502	1002I	H	312
17503	1002H	AR	863
17504	1002N1A1	Plant	1055
17505	1002N1A2	Plant	1055
17506	1002N1A3	Plant	1056
17513	1002N1R1	H	145
17514	1002N1R2	Plant	1056
17515	1002N1R3	H	313
17507	1002N2A1	Plant	1057
17508	1002N2A2	Plant	1057
17509	1002N2A3	Plant	1057
17516	1002N2R1	Plant	1058
17517	1002N2R2	Plant	1058
17518	1002N2R3	Plant	1059
17510	1002N3A1	Plant	1060
17511	1002N3A2	Plant	1060
17512	1002N3A3	Plant	1060
17519	1002N3R1	Plant	1060
17520	1002N3R2	Plant	1061
17195	1007I	ACvig	411
17207	1007H	AR	[122]
17208	1007N1A1	H	20
17209	1007N1A2	AR	771
17210	1007N1A3	ACvig	412
	1007N1R1	HPS	
17211	1007N1R2	H	296
17258	1007N2A1	H / ACvig	120 / 412
17259	1007N2A2	ACvig	413
17260	1007N2A3	ACvig	413
	1007N2R1	HPS	
	1007N2R2	HPS	
17261	1007N3A1	ACvig	413
17262	1007N3A2	ACvig	413
17263	1007N3A3	ACvig	413
17264	1007N3R1	HPS / H	297
17265	1007N3R2	HPS / H	281
	1011I	HPS	
11309	1011H	AR	[122]
17624	1011N1R1	HPS / H	307
17266	1011N1R2	HPS / H	47
17267	1011N1R3	HPS / H	361
17625	1011N2R1	HPS / H	305
	1011N2R2	HPS	
	1011N2R3	HPS	
17527	1011N3R1	H	298
17528	1015H	AR	883
17529	1020H	AR	886
17530	1024H	AR	659
17269	1024N1A1	Plant	1071
17270	1024N1A2	Plant	1071
17271	1024N1A3	Plant	1071
17272	1024N1R1	Plant	1071
17302	1024N1R2	Plant	1072
17303	1024N1R3	Plant	1072
17329	1024N2A1	Plant	1073
17330	1024N2A2	Plant	1073
17331	1024N2A3	Plant	1074
17332	1024N2R1	Plant	1074
17333	1024N2R2	Plant	1074
17542	1024N2R3	Plant	1075
17543	1024N3A1	Plant	1076
17544	1024N3A2	Plant	1076
17545	1024N3A3	Plant	1077
17546	1024N3R1	Plant	1077
17547	1024N3R2	Plant	1077
16396	10H5I	LH	124
16411	10H5H	LH	125
16192	10H5N1A1	OReg	26
16193	10H5N1A2	OReg	27
16194	10H5N1A3	H / OReg	44 / 28
16195	10H5N1R1	OReg	30
16210	10H5N1R2	H	16
16211	10H5N1R3	OReg	32
16221	10H5N2A1	OReg	33
16222	10H5N2A2	OReg	34
16223	10H5N2A3	OReg	35
16224	10H5N2R1	OReg	38
16261	10H5N2R2	OReg	39
16262	10H5N2R3	OReg	41
16263	10H5N3A1	OReg	42
16297	10H5N3A2	OReg	43
16298	10H5N3A3	OReg	44
16109	10H5N3R1	OReg	47
16299	10H5N3R2	OReg	48
16407	1101I	K	138r
16417	1101H	AR	895
16397	1101N1A1	H	331
16398	1101N1A2	H	331
16399	1101N1A3	H	331
16400	1101N1R1	H	416
16401	1101N2A1	H	331
16402	1101N2A2	H	331
16403	1101N2A3	H	331
16404	1101N3A1	H	332
16405	1101N3A2	H	332
16406	1101N3A3	H	332
17551	1111I	HPS / Lc	538
17552	1111N1A1	H	335
17553	1111N1A2	H	335
17554	1111N1A3	H	335
17561	1111N1R1	H	335
17562	1111N1R2	H	336
17563	1111N1R3	H	336
17555	1111N2A1	H	335
17556	1111N2A2	H	335
17557	1111N2A3	H	336
17564	1111N2R1	H	337
17565	1111N2R2	H	337
17566	1111N2R3	H	337
17558	1111N3A1	H	336
17559	1111N3A2	H	336
17560	1111N3A3	H	337
17567	1111N3R1	H	337
17568	1111N3R2	H	338
7925	1122N1A1	H	349
7924	1122N1A2	H	349
7926	1122N1A3	H	349
7942	1122N1R1	H	349
7943	1122N1R2	H	349
7944	1122N1R3	H	350
7927	1122N2A1	H	349
7929	1122N2A2	H	349
7930	1122N2A3	H	349
7962	1122N2R1	H	350
7976	1122N2R2	H	351
17574	1122N2R3	H	351
7931	1122N3A1	H	350
7932	1122N3A2	H	350
7933	1122N3A3	H	350
17575	1122N3R1	H	351
17576	1122N3R2	H	351
17577	1123N2R1	H	353
17578	1123N2R2	Plant	1111
17579	1123N2R3	H	353
16621	APEXIa	H	450
16622	APEXIb	Lc	505
16623	APEXIc	W / H	411 / 443
16624	APEXH	LH	270
16625	APEXN1A1	H	360
16626	APEXN1A2	H	360
16627	APEXN1A3	H	360
16634	APEXN1R1	H	360
16635	APEXN1R2	H	361
16636	APEXN1R3	H	361
16628	APEXN2A1	H	361
16629	APEXN2A2	H	361
16630	APEXN2A3	H	361
16637	APEXN2R1	H	361
16638	APEXN2R2	H	363
16639	APEXN2R3	H	362
16631	APEXN3A1	H	361
16632	APEXN3A2	H	361
16633	APEXN3A3	H	361
16640	APEXN3R1	H	362
16641	APEXN3R2	H	362
16646	APTPI	LR	162
16647	APTPH	LH	271
10097	APTPN1A	H	246
10094	APTPN1R1	H	252
10095	APTPN1R2	H	252
10096	APTPN1R3	H	252
10098	APTPN2A	H	246
10099	APTPN2R1	H	253
16650	APTPN2R2	H	234
16648	APTPN2R3	H	236
10100	APTPN3A	H	255
16649	APTPN3R1	W	305
10102	APTPN3R2	K	95v
16651	UMEXIa	H	451
16080	UMEXIb	H	450
16652	UMEXIc	Lc	513
16878	UMEXHa	AR	13.1
16879	UMEXHb	AR	13.2
16880	UMEXN1A1	H	372
16881	UMEXN1A2	H	372
16882	UMEXN1A3	H	372
16889	UMEXN1R1	H	372
16890	UMEXN1R2	H	373
16891	UMEXN1R3	H	373
16883	UMEXN2A1	H	65
16884	UMEXN2A2	H	65
16885	UMEXN2A3	H	65
16892	UMEXN2R1	Lc	526
16893	UMEXN2R2	H	373
16894	UMEXN2R3	H	373
16886	UMEXN3A1	H	373
16887	UMEXN3A2	H	65
16888	UMEXN3A3	H	373
16895	UMEXN3R1	H	373
16896	UMEXN3R2a	H	374
16897	UMEXN3R2b	Lc	523
16651	PMEXIa		
16080	PMEXIb		
16652	PMEXIc		
16081	PMEXH	LH	275
16082	PMEXN1A1	H	65
16083	PMEXN1A2	H	370
16084	PMEXN1A3	H	370
9838	PMEXN1R1	H	367
9839	PMEXN1R2	H	367
15521	PMEXN1R3	H	367
16085	PMEXN2A1	H	370
16086	PMEXN2A2	H	66
16087	PMEXN2A3	H	370
15661	PMEXN2R1	H	367
16088	PMEXN2R2	H	368
16089	PMEXN2R3	Lc	519
16090	PMEXN3A1	H	333
16091	PMEXN3A2	LR	181
16092	PMEXN3A3	H	370
16093	PMEXN3R1	H	368
16094	PMEXN3R2a	H	331
16095	PMEXN3R2b	H	278
16653	MRTPI	W	304
16902	COPOIa	H	450
16903	COPOIb	Lc	18
16904	COPOIc	H	443
16905	COPOId		
16906	COPOF1H	AR	[49]
16907	COPOF2H	AR	[51]
16908	COPOF3H	AR	[52]
16909	COPOF4H	AR	[53]
16910	COPOF5H	AR	[68]
16911	COPOF6H	AR	[69]
16912	COPOF7H	AR	[80]
16913	COPOH	AR	[72]
16914	COPON1A1	H	376
16915	COPON1A2	H	376
16916	COPON1A3	H	376
16922	COPON1R1	H	377
16923	COPON1R2	H	377
16924	COPON1R3	H	377
16917	COPON2A1	H	376
16918	COPON2A2	H	376
16919	COPON2A3	H	377
16925	COPON2R1	H	379
16926	COPON2R2	H	378
16927	COPON2R3	H	378
16920	COPON3A1	H	377
15194	COPON3A2	H	377
16921	COPON3A3	H	378
16928	COPON3R1	H	378
16409	COPON3R2	H	192am
16922	CONPN1R1		
16929	CONPN1R2		
16935	CONPN1R3		
16936	CONPN2R1		
16928	CONPN2R2		
16937	CONPN2R3	H	379
16927	CONPN3R1	H	378
16409	CONPN3R2		
16938	MUVXIa	H	451
16939	MUVXIb	H	450
16940	MUVXIc	Lc	513
16941	MUVXId		
16942	MUNXIa	Lc	538
16943	MUNXIb	Lc	538
16944	MUVMHa	LH	288
16945	MUVMHb	LH	597
16946	MUXXN1A1	H	120
16947	MUVXN1A2	H	115
16948	MUNXN1A2	W	434
16949	MUXXN1A3	H	299
16955	MUXMN1R1	H	383
16956	MUXNN1R1	H	298
16957	MUXXN1R2	H	397
16958	MUXXN1R3	H	384
16950	MUXXN2A1	H	117
14130	MUXXN2A2	H	117
16951	MUXXN2A3	H	300
16959	MUXXN2R1	H	383
16960	MUXXN2R2	H	383
16961	MUVXN2R3	Lc	544
16962	MUNXN2R3	LR	222
16952	MUXXN3A1	H	299
16953	MUXXN3A2	LR	219
16954	MUXXN3A3	H	383
16963	MUVXN3R1	H	382
16964	MUNXN3R1	LR	226
16410	MUVXN3R2	Bud121	120r
16965	MUNXN3R2	H	208m.t
16427	CDEDI	LR	231
16977	CDEDH	AR	[104]
16428	CDEDN1A1	H	327
16429	CDEDN1A2	H	327
16430	CDEDN1A3	H	327
16431	CDEDN1R1	H	327
16432	CDEDN1R2	H	328
16433	CDEDN1R3	H	328
16434	CDEDN2A1	H	328
16435	CDEDN2A2	H	328
16436	CDEDN2A3	H	329
16437	CDEDN2R1	Sar	pl.v
16438	CDEDN2R2	Lc	550
16439	CDEDN2R3	Lc	552
16441	CDEDN3A1	H	328
16442	CDEDN3A2	H	328
16443	CDEDN3A3	H	328
16445	CDEDN3R1	Sar	pl.v
16978	CDEDN3R2	KA	223v
17042	CBMVI	LR	245
17043	CBMVH	AR	[122]
14126	CBMVN1A1	H	21
14127	CBMVN1A2	H	118
14128	CBMVN1A3	H	115
14156	CBMVN1R1	H	47
17060	CBMVN1R2	H	48
14157	CBMVN1R3	H	119
14129	CBMVN2A1	H	117
14130	CBMVN2A2	H	117
14131	CBMVN2A3	H	117
17061	CBMVN2R1	H	296
17062	CBMVN2R2	H	297
17063	CBMVN2R3	H	297
14132	CBMVN3A1	H	117
14133	CBMVN3A2	H	117
14142	CBMVN3A3a	H	116
14134	CBMVN3A3b	H	20
14155	CBMVN3R1	H	307
17066	CBMVN3R2	H	297
17067	CSMSI	KA	58v
14248	OPBMR1	H	16
16452	OPBMR2	H	16
17069	OPBMR3	H	28
17070	MRTPN2R2	W	307
17071	MRTPN2R3	H	252
	ODEFIa	HPS	
17080	ODEFIb	AR	[152]
17081	ODEFIP	AR	[152]
17082	ODEFN1A1	H	390
17083	ODEFN1A2	H	390
17084	ODEFN1A3	H	390
17091	ODEFN1R1	H	390
17092	ODEFN1R2	H	390
17093	ODEFN1R3	H	390
17085	ODEFN2A1	H	391
17086	ODEFN2A2	H	391
17087	ODEFN2A3	H	391
17094	ODEFN2R1	H	403
17095	ODEFN2R2	H	391
17096	ODEFN2R3	H	391
17088	ODEFN3A1	H	391
17089	ODEFN3A2	H	93
17090	ODEFN3A3	H	391
17097	ODEFN3R1	H	391
17098	ODEFN3R2	H	392
17099	ODEFN3R3a	H	392
17100	ODEFN3R3b	H	392
17584	0501I	LH	370
17585	0501H	HWL	
	0501N1A	HPS	
	0501N1R1	HPS	
	0501N1R2	HPS	
17626	0501N1R3	HPS / OReg	30
17627	0501N2A	HPS / AM	837
17628	0501N2R1	HPS / H	21
17629	0501N2R2	HPS / H	111
17630	0501N2R3	HPS / H	85+141
17631	0501N3A	HPS / H	234
17632	0501N3R1	HPS / H	151
	0501N3R2	HPS	
17586	0531I	LH	419
17587	0531H	LH	420
	0531N1R2	HPS	
	0531N1R3	HPS	
17633	0531N2R1	HPS / H	28
	0531N2R2	HPS	
17588	0531N2R3	LR	268
	0531N3R2	HPS	
15777	0815H	AR	733
17634	1228N3A2	Flor	35r